match_id,filename,start_time,label,source
synthetic_court_noise,synthetic_squeak_000.wav,0.0,0,synthetic_squeak
synthetic_court_noise,synthetic_bounce_000.wav,0.0,0,synthetic_bounce
synthetic_court_noise,synthetic_squeak_001.wav,0.0,0,synthetic_squeak
synthetic_court_noise,synthetic_bounce_001.wav,0.0,0,synthetic_bounce
synthetic_court_noise,synthetic_squeak_002.wav,0.0,0,synthetic_squeak
synthetic_court_noise,synthetic_bounce_002.wav,0.0,0,synthetic_bounce
synthetic_court_noise,synthetic_squeak_003.wav,0.0,0,synthetic_squeak
synthetic_court_noise,synthetic_bounce_003.wav,0.0,0,synthetic_bounce
synthetic_court_noise,synthetic_squeak_004.wav,0.0,0,synthetic_squeak
synthetic_court_noise,synthetic_bounce_004.wav,0.0,0,synthetic_bounce
synthetic_court_noise,synthetic_squeak_005.wav,0.0,0,synthetic_squeak
synthetic_court_noise,synthetic_bounce_005.wav,0.0,0,synthetic_bounce
synthetic_court_noise,synthetic_squeak_006.wav,0.0,0,synthetic_squeak
synthetic_court_noise,synthetic_bounce_006.wav,0.0,0,synthetic_bounce
synthetic_court_noise,synthetic_squeak_007.wav,0.0,0,synthetic_squeak
synthetic_court_noise,synthetic_bounce_007.wav,0.0,0,synthetic_bounce
synthetic_court_noise,synthetic_squeak_008.wav,0.0,0,synthetic_squeak
synthetic_court_noise,synthetic_bounce_008.wav,0.0,0,synthetic_bounce
synthetic_court_noise,synthetic_squeak_009.wav,0.0,0,synthetic_squeak
synthetic_court_noise,synthetic_bounce_009.wav,0.0,0,synthetic_bounce
synthetic_court_noise,synthetic_squeak_010.wav,0.0,0,synthetic_squeak
synthetic_court_noise,synthetic_bounce_010.wav,0.0,0,synthetic_bounce
synthetic_court_noise,synthetic_squeak_011.wav,0.0,0,synthetic_squeak
synthetic_court_noise,synthetic_bounce_011.wav,0.0,0,synthetic_bounce
synthetic_court_noise,synthetic_squeak_012.wav,0.0,0,synthetic_squeak
synthetic_court_noise,synthetic_bounce_012.wav,0.0,0,synthetic_bounce
synthetic_court_noise,synthetic_squeak_013.wav,0.0,0,synthetic_squeak
synthetic_court_noise,synthetic_bounce_013.wav,0.0,0,synthetic_bounce
synthetic_court_noise,synthetic_squeak_014.wav,0.0,0,synthetic_squeak
synthetic_court_noise,synthetic_bounce_014.wav,0.0,0,synthetic_bounce
synthetic_court_noise,synthetic_squeak_015.wav,0.0,0,synthetic_squeak
synthetic_court_noise,synthetic_bounce_015.wav,0.0,0,synthetic_bounce
synthetic_court_noise,synthetic_squeak_016.wav,0.0,0,synthetic_squeak
synthetic_court_noise,synthetic_bounce_016.wav,0.0,0,synthetic_bounce
synthetic_court_noise,synthetic_squeak_017.wav,0.0,0,synthetic_squeak
synthetic_court_noise,synthetic_bounce_017.wav,0.0,0,synthetic_bounce
synthetic_court_noise,synthetic_squeak_018.wav,0.0,0,synthetic_squeak
synthetic_court_noise,synthetic_bounce_018.wav,0.0,0,synthetic_bounce
synthetic_court_noise,synthetic_squeak_019.wav,0.0,0,synthetic_squeak
synthetic_court_noise,synthetic_bounce_019.wav,0.0,0,synthetic_bounce
synthetic_court_noise,synthetic_squeak_020.wav,0.0,0,synthetic_squeak
synthetic_court_noise,synthetic_bounce_020.wav,0.0,0,synthetic_bounce
synthetic_court_noise,synthetic_squeak_021.wav,0.0,0,synthetic_squeak
synthetic_court_noise,synthetic_bounce_021.wav,0.0,0,synthetic_bounce
synthetic_court_noise,synthetic_squeak_022.wav,0.0,0,synthetic_squeak
synthetic_court_noise,synthetic_bounce_022.wav,0.0,0,synthetic_bounce
synthetic_court_noise,synthetic_squeak_023.wav,0.0,0,synthetic_squeak
synthetic_court_noise,synthetic_bounce_023.wav,0.0,0,synthetic_bounce
synthetic_court_noise,synthetic_squeak_024.wav,0.0,0,synthetic_squeak
synthetic_court_noise,synthetic_bounce_024.wav,0.0,0,synthetic_bounce
synthetic_court_noise,synthetic_squeak_025.wav,0.0,0,synthetic_squeak
synthetic_court_noise,synthetic_bounce_025.wav,0.0,0,synthetic_bounce
synthetic_court_noise,synthetic_squeak_026.wav,0.0,0,synthetic_squeak
synthetic_court_noise,synthetic_bounce_026.wav,0.0,0,synthetic_bounce
synthetic_court_noise,synthetic_squeak_027.wav,0.0,0,synthetic_squeak
synthetic_court_noise,synthetic_bounce_027.wav,0.0,0,synthetic_bounce
synthetic_court_noise,synthetic_squeak_028.wav,0.0,0,synthetic_squeak
synthetic_court_noise,synthetic_bounce_028.wav,0.0,0,synthetic_bounce
synthetic_court_noise,synthetic_squeak_029.wav,0.0,0,synthetic_squeak
synthetic_court_noise,synthetic_bounce_029.wav,0.0,0,synthetic_bounce
synthetic_court_noise,synthetic_squeak_030.wav,0.0,0,synthetic_squeak
synthetic_court_noise,synthetic_bounce_030.wav,0.0,0,synthetic_bounce
synthetic_court_noise,synthetic_squeak_031.wav,0.0,0,synthetic_squeak
synthetic_court_noise,synthetic_bounce_031.wav,0.0,0,synthetic_bounce
synthetic_court_noise,synthetic_squeak_032.wav,0.0,0,synthetic_squeak
synthetic_court_noise,synthetic_bounce_032.wav,0.0,0,synthetic_bounce
synthetic_court_noise,synthetic_squeak_033.wav,0.0,0,synthetic_squeak
synthetic_court_noise,synthetic_bounce_033.wav,0.0,0,synthetic_bounce
synthetic_court_noise,synthetic_squeak_034.wav,0.0,0,synthetic_squeak
synthetic_court_noise,synthetic_bounce_034.wav,0.0,0,synthetic_bounce
synthetic_court_noise,synthetic_squeak_035.wav,0.0,0,synthetic_squeak
synthetic_court_noise,synthetic_bounce_035.wav,0.0,0,synthetic_bounce
synthetic_court_noise,synthetic_squeak_036.wav,0.0,0,synthetic_squeak
synthetic_court_noise,synthetic_bounce_036.wav,0.0,0,synthetic_bounce
synthetic_court_noise,synthetic_squeak_037.wav,0.0,0,synthetic_squeak
synthetic_court_noise,synthetic_bounce_037.wav,0.0,0,synthetic_bounce
synthetic_court_noise,synthetic_squeak_038.wav,0.0,0,synthetic_squeak
synthetic_court_noise,synthetic_bounce_038.wav,0.0,0,synthetic_bounce
synthetic_court_noise,synthetic_squeak_039.wav,0.0,0,synthetic_squeak
synthetic_court_noise,synthetic_bounce_039.wav,0.0,0,synthetic_bounce
synthetic_court_noise,synthetic_squeak_040.wav,0.0,0,synthetic_squeak
synthetic_court_noise,synthetic_bounce_040.wav,0.0,0,synthetic_bounce
synthetic_court_noise,synthetic_squeak_041.wav,0.0,0,synthetic_squeak
synthetic_court_noise,synthetic_bounce_041.wav,0.0,0,synthetic_bounce
synthetic_court_noise,synthetic_squeak_042.wav,0.0,0,synthetic_squeak
synthetic_court_noise,synthetic_bounce_042.wav,0.0,0,synthetic_bounce
synthetic_court_noise,synthetic_squeak_043.wav,0.0,0,synthetic_squeak
synthetic_court_noise,synthetic_bounce_043.wav,0.0,0,synthetic_bounce
synthetic_court_noise,synthetic_squeak_044.wav,0.0,0,synthetic_squeak
synthetic_court_noise,synthetic_bounce_044.wav,0.0,0,synthetic_bounce
synthetic_court_noise,synthetic_squeak_045.wav,0.0,0,synthetic_squeak
synthetic_court_noise,synthetic_bounce_045.wav,0.0,0,synthetic_bounce
synthetic_court_noise,synthetic_squeak_046.wav,0.0,0,synthetic_squeak
synthetic_court_noise,synthetic_bounce_046.wav,0.0,0,synthetic_bounce
synthetic_court_noise,synthetic_squeak_047.wav,0.0,0,synthetic_squeak
synthetic_court_noise,synthetic_bounce_047.wav,0.0,0,synthetic_bounce
synthetic_court_noise,synthetic_squeak_048.wav,0.0,0,synthetic_squeak
synthetic_court_noise,synthetic_bounce_048.wav,0.0,0,synthetic_bounce
synthetic_court_noise,synthetic_squeak_049.wav,0.0,0,synthetic_squeak
synthetic_court_noise,synthetic_bounce_049.wav,0.0,0,synthetic_bounce
synthetic_court_noise,synthetic_squeak_050.wav,0.0,0,synthetic_squeak
synthetic_court_noise,synthetic_bounce_050.wav,0.0,0,synthetic_bounce
synthetic_court_noise,synthetic_squeak_051.wav,0.0,0,synthetic_squeak
synthetic_court_noise,synthetic_bounce_051.wav,0.0,0,synthetic_bounce
synthetic_court_noise,synthetic_squeak_052.wav,0.0,0,synthetic_squeak
synthetic_court_noise,synthetic_bounce_052.wav,0.0,0,synthetic_bounce
synthetic_court_noise,synthetic_squeak_053.wav,0.0,0,synthetic_squeak
synthetic_court_noise,synthetic_bounce_053.wav,0.0,0,synthetic_bounce
synthetic_court_noise,synthetic_squeak_054.wav,0.0,0,synthetic_squeak
synthetic_court_noise,synthetic_bounce_054.wav,0.0,0,synthetic_bounce
synthetic_court_noise,synthetic_squeak_055.wav,0.0,0,synthetic_squeak
synthetic_court_noise,synthetic_bounce_055.wav,0.0,0,synthetic_bounce
synthetic_court_noise,synthetic_squeak_056.wav,0.0,0,synthetic_squeak
synthetic_court_noise,synthetic_bounce_056.wav,0.0,0,synthetic_bounce
synthetic_court_noise,synthetic_squeak_057.wav,0.0,0,synthetic_squeak
synthetic_court_noise,synthetic_bounce_057.wav,0.0,0,synthetic_bounce
synthetic_court_noise,synthetic_squeak_058.wav,0.0,0,synthetic_squeak
synthetic_court_noise,synthetic_bounce_058.wav,0.0,0,synthetic_bounce
synthetic_court_noise,synthetic_squeak_059.wav,0.0,0,synthetic_squeak
synthetic_court_noise,synthetic_bounce_059.wav,0.0,0,synthetic_bounce
synthetic_court_noise,synthetic_squeak_060.wav,0.0,0,synthetic_squeak
synthetic_court_noise,synthetic_bounce_060.wav,0.0,0,synthetic_bounce
synthetic_court_noise,synthetic_squeak_061.wav,0.0,0,synthetic_squeak
synthetic_court_noise,synthetic_bounce_061.wav,0.0,0,synthetic_bounce
synthetic_court_noise,synthetic_squeak_062.wav,0.0,0,synthetic_squeak
synthetic_court_noise,synthetic_bounce_062.wav,0.0,0,synthetic_bounce
synthetic_court_noise,synthetic_squeak_063.wav,0.0,0,synthetic_squeak
synthetic_court_noise,synthetic_bounce_063.wav,0.0,0,synthetic_bounce
synthetic_court_noise,synthetic_squeak_064.wav,0.0,0,synthetic_squeak
synthetic_court_noise,synthetic_bounce_064.wav,0.0,0,synthetic_bounce
synthetic_court_noise,synthetic_squeak_065.wav,0.0,0,synthetic_squeak
synthetic_court_noise,synthetic_bounce_065.wav,0.0,0,synthetic_bounce
synthetic_court_noise,synthetic_squeak_066.wav,0.0,0,synthetic_squeak
synthetic_court_noise,synthetic_bounce_066.wav,0.0,0,synthetic_bounce
synthetic_court_noise,synthetic_squeak_067.wav,0.0,0,synthetic_squeak
synthetic_court_noise,synthetic_bounce_067.wav,0.0,0,synthetic_bounce
synthetic_court_noise,synthetic_squeak_068.wav,0.0,0,synthetic_squeak
synthetic_court_noise,synthetic_bounce_068.wav,0.0,0,synthetic_bounce
synthetic_court_noise,synthetic_squeak_069.wav,0.0,0,synthetic_squeak
synthetic_court_noise,synthetic_bounce_069.wav,0.0,0,synthetic_bounce
synthetic_court_noise,synthetic_squeak_070.wav,0.0,0,synthetic_squeak
synthetic_court_noise,synthetic_bounce_070.wav,0.0,0,synthetic_bounce
synthetic_court_noise,synthetic_squeak_071.wav,0.0,0,synthetic_squeak
synthetic_court_noise,synthetic_bounce_071.wav,0.0,0,synthetic_bounce
synthetic_court_noise,synthetic_squeak_072.wav,0.0,0,synthetic_squeak
synthetic_court_noise,synthetic_bounce_072.wav,0.0,0,synthetic_bounce
synthetic_court_noise,synthetic_squeak_073.wav,0.0,0,synthetic_squeak
synthetic_court_noise,synthetic_bounce_073.wav,0.0,0,synthetic_bounce
synthetic_court_noise,synthetic_squeak_074.wav,0.0,0,synthetic_squeak
synthetic_court_noise,synthetic_bounce_074.wav,0.0,0,synthetic_bounce
synthetic_court_noise,synthetic_squeak_075.wav,0.0,0,synthetic_squeak
synthetic_court_noise,synthetic_bounce_075.wav,0.0,0,synthetic_bounce
synthetic_court_noise,synthetic_squeak_076.wav,0.0,0,synthetic_squeak
synthetic_court_noise,synthetic_bounce_076.wav,0.0,0,synthetic_bounce
synthetic_court_noise,synthetic_squeak_077.wav,0.0,0,synthetic_squeak
synthetic_court_noise,synthetic_bounce_077.wav,0.0,0,synthetic_bounce
synthetic_court_noise,synthetic_squeak_078.wav,0.0,0,synthetic_squeak
synthetic_court_noise,synthetic_bounce_078.wav,0.0,0,synthetic_bounce
synthetic_court_noise,synthetic_squeak_079.wav,0.0,0,synthetic_squeak
synthetic_court_noise,synthetic_bounce_079.wav,0.0,0,synthetic_bounce
synthetic_court_noise,synthetic_squeak_080.wav,0.0,0,synthetic_squeak
synthetic_court_noise,synthetic_bounce_080.wav,0.0,0,synthetic_bounce
synthetic_court_noise,synthetic_squeak_081.wav,0.0,0,synthetic_squeak
synthetic_court_noise,synthetic_bounce_081.wav,0.0,0,synthetic_bounce
synthetic_court_noise,synthetic_squeak_082.wav,0.0,0,synthetic_squeak
synthetic_court_noise,synthetic_bounce_082.wav,0.0,0,synthetic_bounce
synthetic_court_noise,synthetic_squeak_083.wav,0.0,0,synthetic_squeak
synthetic_court_noise,synthetic_bounce_083.wav,0.0,0,synthetic_bounce
synthetic_court_noise,synthetic_squeak_084.wav,0.0,0,synthetic_squeak
synthetic_court_noise,synthetic_bounce_084.wav,0.0,0,synthetic_bounce
synthetic_court_noise,synthetic_squeak_085.wav,0.0,0,synthetic_squeak
synthetic_court_noise,synthetic_bounce_085.wav,0.0,0,synthetic_bounce
synthetic_court_noise,synthetic_squeak_086.wav,0.0,0,synthetic_squeak
synthetic_court_noise,synthetic_bounce_086.wav,0.0,0,synthetic_bounce
synthetic_court_noise,synthetic_squeak_087.wav,0.0,0,synthetic_squeak
synthetic_court_noise,synthetic_bounce_087.wav,0.0,0,synthetic_bounce
synthetic_court_noise,synthetic_squeak_088.wav,0.0,0,synthetic_squeak
synthetic_court_noise,synthetic_bounce_088.wav,0.0,0,synthetic_bounce
synthetic_court_noise,synthetic_squeak_089.wav,0.0,0,synthetic_squeak
synthetic_court_noise,synthetic_bounce_089.wav,0.0,0,synthetic_bounce
synthetic_court_noise,synthetic_squeak_090.wav,0.0,0,synthetic_squeak
synthetic_court_noise,synthetic_bounce_090.wav,0.0,0,synthetic_bounce
synthetic_court_noise,synthetic_squeak_091.wav,0.0,0,synthetic_squeak
synthetic_court_noise,synthetic_bounce_091.wav,0.0,0,synthetic_bounce
synthetic_court_noise,synthetic_squeak_092.wav,0.0,0,synthetic_squeak
synthetic_court_noise,synthetic_bounce_092.wav,0.0,0,synthetic_bounce
synthetic_court_noise,synthetic_squeak_093.wav,0.0,0,synthetic_squeak
synthetic_court_noise,synthetic_bounce_093.wav,0.0,0,synthetic_bounce
synthetic_court_noise,synthetic_squeak_094.wav,0.0,0,synthetic_squeak
synthetic_court_noise,synthetic_bounce_094.wav,0.0,0,synthetic_bounce
synthetic_court_noise,synthetic_squeak_095.wav,0.0,0,synthetic_squeak
synthetic_court_noise,synthetic_bounce_095.wav,0.0,0,synthetic_bounce
synthetic_court_noise,synthetic_squeak_096.wav,0.0,0,synthetic_squeak
synthetic_court_noise,synthetic_bounce_096.wav,0.0,0,synthetic_bounce
synthetic_court_noise,synthetic_squeak_097.wav,0.0,0,synthetic_squeak
synthetic_court_noise,synthetic_bounce_097.wav,0.0,0,synthetic_bounce
synthetic_court_noise,synthetic_squeak_098.wav,0.0,0,synthetic_squeak
synthetic_court_noise,synthetic_bounce_098.wav,0.0,0,synthetic_bounce
synthetic_court_noise,synthetic_squeak_099.wav,0.0,0,synthetic_squeak
synthetic_court_noise,synthetic_bounce_099.wav,0.0,0,synthetic_bounce
synthetic_court_noise,synthetic_squeak_100.wav,0.0,0,synthetic_squeak
synthetic_court_noise,synthetic_bounce_100.wav,0.0,0,synthetic_bounce
synthetic_court_noise,synthetic_squeak_101.wav,0.0,0,synthetic_squeak
synthetic_court_noise,synthetic_bounce_101.wav,0.0,0,synthetic_bounce
synthetic_court_noise,synthetic_squeak_102.wav,0.0,0,synthetic_squeak
synthetic_court_noise,synthetic_bounce_102.wav,0.0,0,synthetic_bounce
synthetic_court_noise,synthetic_squeak_103.wav,0.0,0,synthetic_squeak
synthetic_court_noise,synthetic_bounce_103.wav,0.0,0,synthetic_bounce
synthetic_court_noise,synthetic_squeak_104.wav,0.0,0,synthetic_squeak
synthetic_court_noise,synthetic_bounce_104.wav,0.0,0,synthetic_bounce
synthetic_court_noise,synthetic_squeak_105.wav,0.0,0,synthetic_squeak
synthetic_court_noise,synthetic_bounce_105.wav,0.0,0,synthetic_bounce
synthetic_court_noise,synthetic_squeak_106.wav,0.0,0,synthetic_squeak
synthetic_court_noise,synthetic_bounce_106.wav,0.0,0,synthetic_bounce
synthetic_court_noise,synthetic_squeak_107.wav,0.0,0,synthetic_squeak
synthetic_court_noise,synthetic_bounce_107.wav,0.0,0,synthetic_bounce
synthetic_court_noise,synthetic_squeak_108.wav,0.0,0,synthetic_squeak
synthetic_court_noise,synthetic_bounce_108.wav,0.0,0,synthetic_bounce
synthetic_court_noise,synthetic_squeak_109.wav,0.0,0,synthetic_squeak
synthetic_court_noise,synthetic_bounce_109.wav,0.0,0,synthetic_bounce
synthetic_court_noise,synthetic_squeak_110.wav,0.0,0,synthetic_squeak
synthetic_court_noise,synthetic_bounce_110.wav,0.0,0,synthetic_bounce
synthetic_court_noise,synthetic_squeak_111.wav,0.0,0,synthetic_squeak
synthetic_court_noise,synthetic_bounce_111.wav,0.0,0,synthetic_bounce
synthetic_court_noise,synthetic_squeak_112.wav,0.0,0,synthetic_squeak
synthetic_court_noise,synthetic_bounce_112.wav,0.0,0,synthetic_bounce
synthetic_court_noise,synthetic_squeak_113.wav,0.0,0,synthetic_squeak
synthetic_court_noise,synthetic_bounce_113.wav,0.0,0,synthetic_bounce
synthetic_court_noise,synthetic_squeak_114.wav,0.0,0,synthetic_squeak
synthetic_court_noise,synthetic_bounce_114.wav,0.0,0,synthetic_bounce
synthetic_court_noise,synthetic_squeak_115.wav,0.0,0,synthetic_squeak
synthetic_court_noise,synthetic_bounce_115.wav,0.0,0,synthetic_bounce
synthetic_court_noise,synthetic_squeak_116.wav,0.0,0,synthetic_squeak
synthetic_court_noise,synthetic_bounce_116.wav,0.0,0,synthetic_bounce
synthetic_court_noise,synthetic_squeak_117.wav,0.0,0,synthetic_squeak
synthetic_court_noise,synthetic_bounce_117.wav,0.0,0,synthetic_bounce
synthetic_court_noise,synthetic_squeak_118.wav,0.0,0,synthetic_squeak
synthetic_court_noise,synthetic_bounce_118.wav,0.0,0,synthetic_bounce
synthetic_court_noise,synthetic_squeak_119.wav,0.0,0,synthetic_squeak
synthetic_court_noise,synthetic_bounce_119.wav,0.0,0,synthetic_bounce
synthetic_court_noise,synthetic_squeak_120.wav,0.0,0,synthetic_squeak
synthetic_court_noise,synthetic_bounce_120.wav,0.0,0,synthetic_bounce
synthetic_court_noise,synthetic_squeak_121.wav,0.0,0,synthetic_squeak
synthetic_court_noise,synthetic_bounce_121.wav,0.0,0,synthetic_bounce
synthetic_court_noise,synthetic_squeak_122.wav,0.0,0,synthetic_squeak
synthetic_court_noise,synthetic_bounce_122.wav,0.0,0,synthetic_bounce
synthetic_court_noise,synthetic_squeak_123.wav,0.0,0,synthetic_squeak
synthetic_court_noise,synthetic_bounce_123.wav,0.0,0,synthetic_bounce
synthetic_court_noise,synthetic_squeak_124.wav,0.0,0,synthetic_squeak
synthetic_court_noise,synthetic_bounce_124.wav,0.0,0,synthetic_bounce
synthetic_court_noise,synthetic_squeak_125.wav,0.0,0,synthetic_squeak
synthetic_court_noise,synthetic_bounce_125.wav,0.0,0,synthetic_bounce
synthetic_court_noise,synthetic_squeak_126.wav,0.0,0,synthetic_squeak
synthetic_court_noise,synthetic_bounce_126.wav,0.0,0,synthetic_bounce
synthetic_court_noise,synthetic_squeak_127.wav,0.0,0,synthetic_squeak
synthetic_court_noise,synthetic_bounce_127.wav,0.0,0,synthetic_bounce
synthetic_court_noise,synthetic_squeak_128.wav,0.0,0,synthetic_squeak
synthetic_court_noise,synthetic_bounce_128.wav,0.0,0,synthetic_bounce
synthetic_court_noise,synthetic_squeak_129.wav,0.0,0,synthetic_squeak
synthetic_court_noise,synthetic_bounce_129.wav,0.0,0,synthetic_bounce
synthetic_court_noise,synthetic_squeak_130.wav,0.0,0,synthetic_squeak
synthetic_court_noise,synthetic_bounce_130.wav,0.0,0,synthetic_bounce
synthetic_court_noise,synthetic_squeak_131.wav,0.0,0,synthetic_squeak
synthetic_court_noise,synthetic_bounce_131.wav,0.0,0,synthetic_bounce
synthetic_court_noise,synthetic_squeak_132.wav,0.0,0,synthetic_squeak
synthetic_court_noise,synthetic_bounce_132.wav,0.0,0,synthetic_bounce
synthetic_court_noise,synthetic_squeak_133.wav,0.0,0,synthetic_squeak
synthetic_court_noise,synthetic_bounce_133.wav,0.0,0,synthetic_bounce
synthetic_court_noise,synthetic_squeak_134.wav,0.0,0,synthetic_squeak
synthetic_court_noise,synthetic_bounce_134.wav,0.0,0,synthetic_bounce
synthetic_court_noise,synthetic_squeak_135.wav,0.0,0,synthetic_squeak
synthetic_court_noise,synthetic_bounce_135.wav,0.0,0,synthetic_bounce
synthetic_court_noise,synthetic_squeak_136.wav,0.0,0,synthetic_squeak
synthetic_court_noise,synthetic_bounce_136.wav,0.0,0,synthetic_bounce
synthetic_court_noise,synthetic_squeak_137.wav,0.0,0,synthetic_squeak
synthetic_court_noise,synthetic_bounce_137.wav,0.0,0,synthetic_bounce
synthetic_court_noise,synthetic_squeak_138.wav,0.0,0,synthetic_squeak
synthetic_court_noise,synthetic_bounce_138.wav,0.0,0,synthetic_bounce
synthetic_court_noise,synthetic_squeak_139.wav,0.0,0,synthetic_squeak
synthetic_court_noise,synthetic_bounce_139.wav,0.0,0,synthetic_bounce
synthetic_court_noise,synthetic_squeak_140.wav,0.0,0,synthetic_squeak
synthetic_court_noise,synthetic_bounce_140.wav,0.0,0,synthetic_bounce
synthetic_court_noise,synthetic_squeak_141.wav,0.0,0,synthetic_squeak
synthetic_court_noise,synthetic_bounce_141.wav,0.0,0,synthetic_bounce
synthetic_court_noise,synthetic_squeak_142.wav,0.0,0,synthetic_squeak
synthetic_court_noise,synthetic_bounce_142.wav,0.0,0,synthetic_bounce
synthetic_court_noise,synthetic_squeak_143.wav,0.0,0,synthetic_squeak
synthetic_court_noise,synthetic_bounce_143.wav,0.0,0,synthetic_bounce
synthetic_court_noise,synthetic_squeak_144.wav,0.0,0,synthetic_squeak
synthetic_court_noise,synthetic_bounce_144.wav,0.0,0,synthetic_bounce
synthetic_court_noise,synthetic_squeak_145.wav,0.0,0,synthetic_squeak
synthetic_court_noise,synthetic_bounce_145.wav,0.0,0,synthetic_bounce
synthetic_court_noise,synthetic_squeak_146.wav,0.0,0,synthetic_squeak
synthetic_court_noise,synthetic_bounce_146.wav,0.0,0,synthetic_bounce
synthetic_court_noise,synthetic_squeak_147.wav,0.0,0,synthetic_squeak
synthetic_court_noise,synthetic_bounce_147.wav,0.0,0,synthetic_bounce
synthetic_court_noise,synthetic_squeak_148.wav,0.0,0,synthetic_squeak
synthetic_court_noise,synthetic_bounce_148.wav,0.0,0,synthetic_bounce
synthetic_court_noise,synthetic_squeak_149.wav,0.0,0,synthetic_squeak
synthetic_court_noise,synthetic_bounce_149.wav,0.0,0,synthetic_bounce
