match_id,filename,start_time,label,source,whistle_type
match1,match1_w0.wav,395.663,1,volleylitics_whistle,other
match1,match1_w1.wav,396.303,1,volleylitics_whistle,other
match1,match1_w2.wav,406.822,1,volleylitics_whistle,other
match1,match1_w3.wav,409.768,1,volleylitics_whistle,other
match1,match1_w4.wav,444.544,1,volleylitics_whistle,other
match1,match1_w5.wav,446.183,1,volleylitics_whistle,serve
match1,match1_w6.wav,461.968,1,volleylitics_whistle,rally_end
match1,match1_w7.wav,467.513,1,volleylitics_whistle,other
match1,match1_w8.wav,484.202,1,volleylitics_whistle,serve
match1,match1_w9.wav,491.605,1,volleylitics_whistle,rally_end
match1,match1_w10.wav,502.784,1,volleylitics_whistle,serve
match1,match1_w11.wav,511.775,1,volleylitics_whistle,rally_end
match1,match1_w12.wav,528.989,1,volleylitics_whistle,serve
match1,match1_w13.wav,535.592,1,volleylitics_whistle,rally_end
match1,match1_w14.wav,552.527,1,volleylitics_whistle,serve
match1,match1_w15.wav,562.961,1,volleylitics_whistle,rally_end
match1,match1_w16.wav,580.377,1,volleylitics_whistle,serve
match1,match1_w17.wav,591.354,1,volleylitics_whistle,rally_end
match1,match1_w18.wav,604.873,1,volleylitics_whistle,serve
match1,match1_w19.wav,624.845,1,volleylitics_whistle,rally_end
match1,match1_w20.wav,647.901,1,volleylitics_whistle,serve
match1,match1_w21.wav,652.439,1,volleylitics_whistle,rally_end
match1,match1_w22.wav,663.914,1,volleylitics_whistle,serve
match1,match1_w23.wav,671.367,1,volleylitics_whistle,rally_end
match1,match1_w24.wav,685.548,1,volleylitics_whistle,serve
match1,match1_w25.wav,708.595,1,volleylitics_whistle,rally_end
match1,match1_w26.wav,713.935,1,volleylitics_whistle,other
match1,match1_w28.wav,747.766,1,volleylitics_whistle,other
match1,match1_w29.wav,764.942,1,volleylitics_whistle,serve
match1,match1_w30.wav,772.172,1,volleylitics_whistle,rally_end
match1,match1_w31.wav,783.651,1,volleylitics_whistle,serve
match1,match1_w32.wav,788.704,1,volleylitics_whistle,rally_end
match1,match1_w33.wav,807.544,1,volleylitics_whistle,serve
match1,match1_w34.wav,821.105,1,volleylitics_whistle,rally_end
match1,match1_w35.wav,833.272,1,volleylitics_whistle,serve
match1,match1_w36.wav,846.906,1,volleylitics_whistle,rally_end
match1,match1_w37.wav,864.317,1,volleylitics_whistle,serve
match1,match1_w38.wav,873.6,1,volleylitics_whistle,rally_end
match1,match1_w39.wav,889.739,1,volleylitics_whistle,serve
match1,match1_w40.wav,899.019,1,volleylitics_whistle,rally_end
match1,match1_w41.wav,906.012,1,volleylitics_whistle,other
match1,match1_w42.wav,922.901,1,volleylitics_whistle,serve
match1,match1_w43.wav,933.665,1,volleylitics_whistle,rally_end
match1,match1_w44.wav,947.975,1,volleylitics_whistle,serve
match1,match1_w45.wav,954.969,1,volleylitics_whistle,rally_end
match1,match1_w46.wav,972.681,1,volleylitics_whistle,serve
match1,match1_w47.wav,978.19,1,volleylitics_whistle,rally_end
match1,match1_w48.wav,992.864,1,volleylitics_whistle,serve
match1,match1_w49.wav,1001.189,1,volleylitics_whistle,rally_end
match1,match1_w50.wav,1016.987,1,volleylitics_whistle,serve
match1,match1_w51.wav,1024.596,1,volleylitics_whistle,rally_end
match1,match1_w52.wav,1038.855,1,volleylitics_whistle,serve
match1,match1_w53.wav,1048.787,1,volleylitics_whistle,rally_end
match1,match1_w54.wav,1064.302,1,volleylitics_whistle,serve
match1,match1_w55.wav,1081.21,1,volleylitics_whistle,rally_end
match1,match1_w56.wav,1096.96,1,volleylitics_whistle,serve
match1,match1_w57.wav,1110.583,1,volleylitics_whistle,rally_end
match1,match1_w58.wav,1121.386,1,volleylitics_whistle,other
match1,match1_w59.wav,1128.359,1,volleylitics_whistle,serve
match1,match1_w60.wav,1139.589,1,volleylitics_whistle,rally_end
match11,match11_w0.wav,17.883,1,volleylitics_whistle,other
match11,match11_w1.wav,96.784,1,volleylitics_whistle,other
match11,match11_w2.wav,223.914,1,volleylitics_whistle,other
match11,match11_w3.wav,243.867,1,volleylitics_whistle,other
match11,match11_w4.wav,321.106,1,volleylitics_whistle,other
match11,match11_w5.wav,338.83,1,volleylitics_whistle,serve
match11,match11_w6.wav,353.887,1,volleylitics_whistle,rally_end
match11,match11_w7.wav,366.96,1,volleylitics_whistle,serve
match11,match11_w8.wav,377.676,1,volleylitics_whistle,rally_end
match11,match11_w9.wav,394.795,1,volleylitics_whistle,serve
match11,match11_w10.wav,405.453,1,volleylitics_whistle,rally_end
match11,match11_w11.wav,425.214,1,volleylitics_whistle,serve
match11,match11_w12.wav,436.916,1,volleylitics_whistle,rally_end
match11,match11_w13.wav,453.524,1,volleylitics_whistle,serve
match11,match11_w14.wav,460.743,1,volleylitics_whistle,rally_end
match11,match11_w15.wav,475.991,1,volleylitics_whistle,serve
match11,match11_w16.wav,486.398,1,volleylitics_whistle,rally_end
match11,match11_w17.wav,499.346,1,volleylitics_whistle,serve
match11,match11_w18.wav,507.205,1,volleylitics_whistle,rally_end
match11,match11_w19.wav,520.032,1,volleylitics_whistle,serve
match11,match11_w20.wav,526.358,1,volleylitics_whistle,rally_end
match11,match11_w21.wav,537.592,1,volleylitics_whistle,serve
match11,match11_w22.wav,546.859,1,volleylitics_whistle,rally_end
match11,match11_w23.wav,563.796,1,volleylitics_whistle,serve
match11,match11_w24.wav,571.4,1,volleylitics_whistle,rally_end
match11,match11_w25.wav,582.58,1,volleylitics_whistle,serve
match11,match11_w26.wav,598.084,1,volleylitics_whistle,rally_end
match11,match11_w27.wav,609.737,1,volleylitics_whistle,serve
match11,match11_w28.wav,615.704,1,volleylitics_whistle,rally_end
match11,match11_w29.wav,626.461,1,volleylitics_whistle,serve
match11,match11_w30.wav,638.947,1,volleylitics_whistle,rally_end
match11,match11_w31.wav,656.553,1,volleylitics_whistle,serve
match11,match11_w32.wav,672.703,1,volleylitics_whistle,rally_end
match11,match11_w33.wav,685.375,1,volleylitics_whistle,serve
match11,match11_w34.wav,702.12,1,volleylitics_whistle,rally_end
match11,match11_w35.wav,716.515,1,volleylitics_whistle,serve
match11,match11_w36.wav,727.014,1,volleylitics_whistle,rally_end
match11,match11_w37.wav,740.79,1,volleylitics_whistle,serve
match11,match11_w38.wav,751.624,1,volleylitics_whistle,rally_end
match11,match11_w39.wav,763.858,1,volleylitics_whistle,serve
match11,match11_w40.wav,774.355,1,volleylitics_whistle,rally_end
match11,match11_w41.wav,790.279,1,volleylitics_whistle,serve
match11,match11_w42.wav,797.266,1,volleylitics_whistle,rally_end
match11,match11_w43.wav,810.513,1,volleylitics_whistle,serve
match11,match11_w44.wav,818.716,1,volleylitics_whistle,rally_end
match11,match11_w45.wav,831.435,1,volleylitics_whistle,serve
match11,match11_w46.wav,839.935,1,volleylitics_whistle,rally_end
match11,match11_w47.wav,864.686,1,volleylitics_whistle,serve
match11,match11_w48.wav,875.391,1,volleylitics_whistle,rally_end
match11,match11_w49.wav,892.41,1,volleylitics_whistle,serve
match11,match11_w50.wav,899.069,1,volleylitics_whistle,rally_end
match11,match11_w51.wav,914.632,1,volleylitics_whistle,serve
match11,match11_w52.wav,925.986,1,volleylitics_whistle,rally_end
match11,match11_w53.wav,940.641,1,volleylitics_whistle,serve
match11,match11_w54.wav,946.843,1,volleylitics_whistle,rally_end
match11,match11_w55.wav,961.048,1,volleylitics_whistle,serve
match11,match11_w56.wav,972.937,1,volleylitics_whistle,rally_end
match11,match11_w57.wav,984.57,1,volleylitics_whistle,serve
match11,match11_w58.wav,989.609,1,volleylitics_whistle,rally_end
match11,match11_w59.wav,1001.672,1,volleylitics_whistle,serve
match14,match14_w0.wav,40.308,1,volleylitics_whistle,other
match14,match14_w1.wav,124.973,1,volleylitics_whistle,other
match14,match14_w2.wav,297.254,1,volleylitics_whistle,other
match14,match14_w3.wav,305.328,1,volleylitics_whistle,other
match14,match14_w4.wav,315.087,1,volleylitics_whistle,serve
match14,match14_w5.wav,327.771,1,volleylitics_whistle,rally_end
match14,match14_w6.wav,339.706,1,volleylitics_whistle,serve
match14,match14_w7.wav,352.099,1,volleylitics_whistle,rally_end
match14,match14_w8.wav,363.965,1,volleylitics_whistle,serve
match14,match14_w9.wav,383.475,1,volleylitics_whistle,rally_end
match14,match14_w10.wav,396.826,1,volleylitics_whistle,other
match14,match14_w11.wav,401.612,1,volleylitics_whistle,serve
match14,match14_w12.wav,408.643,1,volleylitics_whistle,rally_end
match14,match14_w13.wav,421.916,1,volleylitics_whistle,serve
match14,match14_w14.wav,440.016,1,volleylitics_whistle,rally_end
match14,match14_w15.wav,452.689,1,volleylitics_whistle,serve
match14,match14_w16.wav,459.242,1,volleylitics_whistle,rally_end
match14,match14_w17.wav,470.846,1,volleylitics_whistle,serve
match14,match14_w18.wav,492.569,1,volleylitics_whistle,rally_end
match14,match14_w19.wav,510.199,1,volleylitics_whistle,serve
match14,match14_w20.wav,520.921,1,volleylitics_whistle,rally_end
match14,match14_w21.wav,532.565,1,volleylitics_whistle,serve
match14,match14_w22.wav,556.749,1,volleylitics_whistle,rally_end
match14,match14_w23.wav,571.331,1,volleylitics_whistle,serve
match14,match14_w24.wav,583.909,1,volleylitics_whistle,rally_end
match14,match14_w25.wav,598.092,1,volleylitics_whistle,serve
match14,match14_w26.wav,608.19,1,volleylitics_whistle,rally_end
match14,match14_w27.wav,621.938,1,volleylitics_whistle,serve
match14,match14_w28.wav,632.42,1,volleylitics_whistle,rally_end
match14,match14_w29.wav,644.485,1,volleylitics_whistle,serve
match14,match14_w30.wav,651.794,1,volleylitics_whistle,rally_end
match14,match14_w31.wav,666.467,1,volleylitics_whistle,serve
match14,match14_w32.wav,677.138,1,volleylitics_whistle,rally_end
match14,match14_w33.wav,689.404,1,volleylitics_whistle,serve
match14,match14_w34.wav,702.385,1,volleylitics_whistle,rally_end
match14,match14_w35.wav,714.679,1,volleylitics_whistle,serve
match14,match14_w36.wav,723.261,1,volleylitics_whistle,rally_end
match14,match14_w37.wav,738.177,1,volleylitics_whistle,serve
match14,match14_w38.wav,753.3,1,volleylitics_whistle,rally_end
match14,match14_w39.wav,766.566,1,volleylitics_whistle,serve
match14,match14_w40.wav,777.631,1,volleylitics_whistle,rally_end
match14,match14_w41.wav,792.094,1,volleylitics_whistle,serve
match14,match14_w42.wav,803.797,1,volleylitics_whistle,rally_end
match14,match14_w43.wav,817.108,1,volleylitics_whistle,serve
match14,match14_w44.wav,825.554,1,volleylitics_whistle,rally_end
match14,match14_w45.wav,840.45,1,volleylitics_whistle,serve
match14,match14_w46.wav,850.679,1,volleylitics_whistle,rally_end
match14,match14_w47.wav,863.159,1,volleylitics_whistle,serve
match14,match14_w48.wav,882.775,1,volleylitics_whistle,rally_end
match14,match14_w49.wav,895.922,1,volleylitics_whistle,serve
match14,match14_w50.wav,903.579,1,volleylitics_whistle,rally_end
match14,match14_w51.wav,915.142,1,volleylitics_whistle,serve
match14,match14_w52.wav,927.734,1,volleylitics_whistle,rally_end
match14,match14_w53.wav,945.172,1,volleylitics_whistle,serve
match14,match14_w54.wav,954.073,1,volleylitics_whistle,rally_end
match14,match14_w55.wav,966.203,1,volleylitics_whistle,serve
match14,match14_w56.wav,973.909,1,volleylitics_whistle,rally_end
match14,match14_w57.wav,981.273,1,volleylitics_whistle,other
match14,match14_w59.wav,1017.026,1,volleylitics_whistle,other
match14,match14_w60.wav,1040.629,1,volleylitics_whistle,serve
match2,match2_w0.wav,23.09,1,volleylitics_whistle,other
match2,match2_w1.wav,117.055,1,volleylitics_whistle,other
match2,match2_w2.wav,118.159,1,volleylitics_whistle,other
match2,match2_w3.wav,124.143,1,volleylitics_whistle,other
match2,match2_w4.wav,201.965,1,volleylitics_whistle,other
match2,match2_w5.wav,296.935,1,volleylitics_whistle,other
match2,match2_w6.wav,297.794,1,volleylitics_whistle,other
match2,match2_w7.wav,309.534,1,volleylitics_whistle,serve
match2,match2_w8.wav,328.944,1,volleylitics_whistle,rally_end
match2,match2_w9.wav,345.162,1,volleylitics_whistle,serve
match2,match2_w10.wav,354.787,1,volleylitics_whistle,rally_end
match2,match2_w11.wav,365.967,1,volleylitics_whistle,serve
match2,match2_w12.wav,371.749,1,volleylitics_whistle,rally_end
match2,match2_w13.wav,384.939,1,volleylitics_whistle,serve
match2,match2_w14.wav,406.852,1,volleylitics_whistle,rally_end
match2,match2_w15.wav,421.518,1,volleylitics_whistle,serve
match2,match2_w16.wav,433.7,1,volleylitics_whistle,rally_end
match2,match2_w17.wav,447.04,1,volleylitics_whistle,serve
match2,match2_w18.wav,454.412,1,volleylitics_whistle,rally_end
match2,match2_w19.wav,467.143,1,volleylitics_whistle,serve
match2,match2_w20.wav,486.678,1,volleylitics_whistle,rally_end
match2,match2_w21.wav,497.5,1,volleylitics_whistle,other
match2,match2_w22.wav,503.72,1,volleylitics_whistle,serve
match2,match2_w23.wav,517.362,1,volleylitics_whistle,rally_end
match2,match2_w24.wav,524.355,1,volleylitics_whistle,other
match2,match2_w25.wav,536.86,1,volleylitics_whistle,serve
match2,match2_w26.wav,554.934,1,volleylitics_whistle,rally_end
match2,match2_w27.wav,562.571,1,volleylitics_whistle,other
match2,match2_w28.wav,563.482,1,volleylitics_whistle,other
match2,match2_w29.wav,572.027,1,volleylitics_whistle,serve
match2,match2_w30.wav,580.577,1,volleylitics_whistle,rally_end
match2,match2_w31.wav,596.059,1,volleylitics_whistle,serve
match2,match2_w32.wav,606.366,1,volleylitics_whistle,rally_end
match2,match2_w33.wav,619.861,1,volleylitics_whistle,serve
match2,match2_w34.wav,631.029,1,volleylitics_whistle,rally_end
match2,match2_w35.wav,643.266,1,volleylitics_whistle,serve
match2,match2_w36.wav,654.453,1,volleylitics_whistle,rally_end
match2,match2_w37.wav,668.831,1,volleylitics_whistle,serve
match2,match2_w38.wav,681.52,1,volleylitics_whistle,rally_end
match2,match2_w39.wav,695.207,1,volleylitics_whistle,serve
match2,match2_w40.wav,701.38,1,volleylitics_whistle,rally_end
match2,match2_w41.wav,715.944,1,volleylitics_whistle,serve
match2,match2_w42.wav,731.239,1,volleylitics_whistle,rally_end
match2,match2_w43.wav,745.974,1,volleylitics_whistle,serve
match2,match2_w44.wav,772.56,1,volleylitics_whistle,rally_end
match2,match2_w45.wav,787.427,1,volleylitics_whistle,serve
match2,match2_w46.wav,793.597,1,volleylitics_whistle,rally_end
match2,match2_w47.wav,804.853,1,volleylitics_whistle,serve
match2,match2_w48.wav,815.105,1,volleylitics_whistle,rally_end
match2,match2_w49.wav,833.089,1,volleylitics_whistle,serve
match2,match2_w50.wav,842.743,1,volleylitics_whistle,rally_end
match2,match2_w51.wav,855.166,1,volleylitics_whistle,serve
match2,match2_w52.wav,860.355,1,volleylitics_whistle,rally_end
match2,match2_w53.wav,871.832,1,volleylitics_whistle,serve
match2,match2_w54.wav,875.495,1,volleylitics_whistle,rally_end
match2,match2_w55.wav,890.343,1,volleylitics_whistle,serve
match2,match2_w56.wav,896.578,1,volleylitics_whistle,rally_end
match2,match2_w57.wav,909.64,1,volleylitics_whistle,serve
match2,match2_w58.wav,931.46,1,volleylitics_whistle,rally_end
match2,match2_w59.wav,941.762,1,volleylitics_whistle,other
match3,match3_w0.wav,101.654,1,volleylitics_whistle,other
match3,match3_w1.wav,104.895,1,volleylitics_whistle,other
match3,match3_w2.wav,169.048,1,volleylitics_whistle,other
match3,match3_w3.wav,194.506,1,volleylitics_whistle,other
match3,match3_w4.wav,297.184,1,volleylitics_whistle,other
match3,match3_w5.wav,338.573,1,volleylitics_whistle,other
match3,match3_w6.wav,346.169,1,volleylitics_whistle,other
match3,match3_w7.wav,368.005,1,volleylitics_whistle,serve
match3,match3_w8.wav,374.042,1,volleylitics_whistle,rally_end
match3,match3_w9.wav,389.315,1,volleylitics_whistle,serve
match3,match3_w10.wav,396.278,1,volleylitics_whistle,rally_end
match3,match3_w11.wav,409.348,1,volleylitics_whistle,serve
match3,match3_w12.wav,416.552,1,volleylitics_whistle,rally_end
match3,match3_w13.wav,430.205,1,volleylitics_whistle,serve
match3,match3_w14.wav,436.4,1,volleylitics_whistle,rally_end
match3,match3_w15.wav,453.756,1,volleylitics_whistle,serve
match3,match3_w16.wav,463.502,1,volleylitics_whistle,rally_end
match3,match3_w17.wav,481.22,1,volleylitics_whistle,serve
match3,match3_w18.wav,487.067,1,volleylitics_whistle,rally_end
match3,match3_w19.wav,498.095,1,volleylitics_whistle,serve
match3,match3_w20.wav,502.425,1,volleylitics_whistle,rally_end
match3,match3_w21.wav,516.572,1,volleylitics_whistle,serve
match3,match3_w22.wav,530.591,1,volleylitics_whistle,rally_end
match3,match3_w23.wav,546.828,1,volleylitics_whistle,serve
match3,match3_w24.wav,562.71,1,volleylitics_whistle,rally_end
match3,match3_w25.wav,580.415,1,volleylitics_whistle,serve
match3,match3_w26.wav,585.947,1,volleylitics_whistle,rally_end
match3,match3_w27.wav,593.918,1,volleylitics_whistle,other
match3,match3_w28.wav,641.6,1,volleylitics_whistle,serve
match3,match3_w29.wav,648.223,1,volleylitics_whistle,rally_end
match3,match3_w30.wav,660.594,1,volleylitics_whistle,serve
match3,match3_w31.wav,673.458,1,volleylitics_whistle,rally_end
match3,match3_w32.wav,687.099,1,volleylitics_whistle,serve
match3,match3_w33.wav,697.27,1,volleylitics_whistle,rally_end
match3,match3_w34.wav,708.642,1,volleylitics_whistle,serve
match3,match3_w35.wav,720.978,1,volleylitics_whistle,rally_end
match3,match3_w36.wav,733.512,1,volleylitics_whistle,serve
match3,match3_w37.wav,741.84,1,volleylitics_whistle,rally_end
match3,match3_w38.wav,754.977,1,volleylitics_whistle,serve
match3,match3_w39.wav,760.132,1,volleylitics_whistle,rally_end
match3,match3_w40.wav,774.604,1,volleylitics_whistle,serve
match3,match3_w42.wav,791.125,1,volleylitics_whistle,rally_end
match3,match3_w43.wav,811.512,1,volleylitics_whistle,serve
match3,match3_w44.wav,826.689,1,volleylitics_whistle,rally_end
match3,match3_w45.wav,838.711,1,volleylitics_whistle,serve
match3,match3_w46.wav,853.073,1,volleylitics_whistle,rally_end
match3,match3_w47.wav,869.458,1,volleylitics_whistle,serve
match3,match3_w48.wav,881.293,1,volleylitics_whistle,rally_end
match3,match3_w49.wav,896.491,1,volleylitics_whistle,serve
match3,match3_w50.wav,904.224,1,volleylitics_whistle,rally_end
match3,match3_w51.wav,917.337,1,volleylitics_whistle,serve
match3,match3_w52.wav,927.722,1,volleylitics_whistle,rally_end
match3,match3_w53.wav,941.223,1,volleylitics_whistle,serve
match3,match3_w54.wav,950.611,1,volleylitics_whistle,rally_end
match3,match3_w55.wav,962.802,1,volleylitics_whistle,serve
match3,match3_w56.wav,971.849,1,volleylitics_whistle,rally_end
match3,match3_w57.wav,986.875,1,volleylitics_whistle,serve
match3,match3_w58.wav,991.1,1,volleylitics_whistle,rally_end
match3,match3_w59.wav,1002.479,1,volleylitics_whistle,serve
match3,match3_w60.wav,1010.215,1,volleylitics_whistle,rally_end
match4,match4_w0.wav,44.621,1,volleylitics_whistle,other
match4,match4_w1.wav,117.748,1,volleylitics_whistle,other
match4,match4_w2.wav,123.261,1,volleylitics_whistle,other
match4,match4_w3.wav,213.924,1,volleylitics_whistle,other
match4,match4_w4.wav,266.319,1,volleylitics_whistle,other
match4,match4_w5.wav,280.635,1,volleylitics_whistle,serve
match4,match4_w6.wav,291.228,1,volleylitics_whistle,rally_end
match4,match4_w7.wav,298.978,1,volleylitics_whistle,other
match4,match4_w8.wav,306.28,1,volleylitics_whistle,serve
match4,match4_w9.wav,314.695,1,volleylitics_whistle,rally_end
match4,match4_w10.wav,324.741,1,volleylitics_whistle,serve
match4,match4_w11.wav,333.378,1,volleylitics_whistle,rally_end
match4,match4_w12.wav,347.792,1,volleylitics_whistle,serve
match4,match4_w13.wav,356.637,1,volleylitics_whistle,rally_end
match4,match4_w14.wav,367.146,1,volleylitics_whistle,serve
match4,match4_w15.wav,376.271,1,volleylitics_whistle,rally_end
match4,match4_w16.wav,386.341,1,volleylitics_whistle,serve
match4,match4_w17.wav,391.248,1,volleylitics_whistle,rally_end
match4,match4_w18.wav,401.434,1,volleylitics_whistle,serve
match4,match4_w19.wav,412.332,1,volleylitics_whistle,rally_end
match4,match4_w20.wav,422.978,1,volleylitics_whistle,serve
match4,match4_w21.wav,433.955,1,volleylitics_whistle,rally_end
match4,match4_w22.wav,444.439,1,volleylitics_whistle,serve
match4,match4_w23.wav,460.676,1,volleylitics_whistle,rally_end
match4,match4_w24.wav,472.112,1,volleylitics_whistle,serve
match4,match4_w25.wav,482.334,1,volleylitics_whistle,rally_end
match4,match4_w26.wav,493.585,1,volleylitics_whistle,serve
match4,match4_w27.wav,518.389,1,volleylitics_whistle,rally_end
match4,match4_w28.wav,531.305,1,volleylitics_whistle,serve
match4,match4_w29.wav,555.753,1,volleylitics_whistle,rally_end
match4,match4_w30.wav,567.865,1,volleylitics_whistle,serve
match4,match4_w31.wav,577.983,1,volleylitics_whistle,rally_end
match4,match4_w33.wav,587.689,1,volleylitics_whistle,serve
match4,match4_w34.wav,598.579,1,volleylitics_whistle,rally_end
match4,match4_w35.wav,611.661,1,volleylitics_whistle,serve
match4,match4_w36.wav,620.929,1,volleylitics_whistle,rally_end
match4,match4_w37.wav,629.845,1,volleylitics_whistle,serve
match4,match4_w38.wav,637.775,1,volleylitics_whistle,rally_end
match4,match4_w39.wav,645.75,1,volleylitics_whistle,serve
match4,match4_w40.wav,665.296,1,volleylitics_whistle,rally_end
match4,match4_w41.wav,676.166,1,volleylitics_whistle,serve
match4,match4_w42.wav,693.299,1,volleylitics_whistle,rally_end
match4,match4_w43.wav,707.422,1,volleylitics_whistle,serve
match4,match4_w44.wav,722.346,1,volleylitics_whistle,rally_end
match4,match4_w45.wav,732.198,1,volleylitics_whistle,serve
match4,match4_w46.wav,747.566,1,volleylitics_whistle,rally_end
match4,match4_w47.wav,764.619,1,volleylitics_whistle,serve
match4,match4_w48.wav,777.093,1,volleylitics_whistle,rally_end
match4,match4_w49.wav,790.921,1,volleylitics_whistle,serve
match4,match4_w50.wav,794.283,1,volleylitics_whistle,rally_end
match4,match4_w51.wav,806.055,1,volleylitics_whistle,other
match4,match4_w52.wav,812.035,1,volleylitics_whistle,other
match4,match4_w53.wav,828.108,1,volleylitics_whistle,serve
match4,match4_w54.wav,833.449,1,volleylitics_whistle,rally_end
match4,match4_w55.wav,843.337,1,volleylitics_whistle,serve
match4,match4_w56.wav,848.618,1,volleylitics_whistle,rally_end
match4,match4_w57.wav,858.958,1,volleylitics_whistle,serve
match4,match4_w58.wav,868.708,1,volleylitics_whistle,rally_end
match4,match4_w59.wav,880.812,1,volleylitics_whistle,serve
match4,match4_w60.wav,889.879,1,volleylitics_whistle,rally_end
match7,match7_w0.wav,48.889,1,volleylitics_whistle,other
match7,match7_w1.wav,113.868,1,volleylitics_whistle,other
match7,match7_w2.wav,134.975,1,volleylitics_whistle,other
match7,match7_w3.wav,227.28,1,volleylitics_whistle,other
match7,match7_w4.wav,297.445,1,volleylitics_whistle,serve
match7,match7_w5.wav,304.996,1,volleylitics_whistle,rally_end
match7,match7_w6.wav,316.578,1,volleylitics_whistle,serve
match7,match7_w7.wav,327.063,1,volleylitics_whistle,rally_end
match7,match7_w8.wav,337.013,1,volleylitics_whistle,serve
match7,match7_w9.wav,346.3,1,volleylitics_whistle,rally_end
match7,match7_w10.wav,357.603,1,volleylitics_whistle,serve
match7,match7_w11.wav,363.512,1,volleylitics_whistle,rally_end
match7,match7_w12.wav,375.563,1,volleylitics_whistle,serve
match7,match7_w13.wav,387.574,1,volleylitics_whistle,rally_end
match7,match7_w14.wav,399.259,1,volleylitics_whistle,serve
match7,match7_w15.wav,405.549,1,volleylitics_whistle,rally_end
match7,match7_w16.wav,416.335,1,volleylitics_whistle,serve
match7,match7_w17.wav,428.969,1,volleylitics_whistle,rally_end
match7,match7_w18.wav,447.092,1,volleylitics_whistle,serve
match7,match7_w19.wav,456.722,1,volleylitics_whistle,rally_end
match7,match7_w20.wav,466.94,1,volleylitics_whistle,serve
match7,match7_w21.wav,474.12,1,volleylitics_whistle,rally_end
match7,match7_w22.wav,486.859,1,volleylitics_whistle,serve
match7,match7_w23.wav,493.839,1,volleylitics_whistle,rally_end
match7,match7_w24.wav,503.973,1,volleylitics_whistle,serve
match7,match7_w25.wav,524.241,1,volleylitics_whistle,rally_end
match7,match7_w26.wav,539.747,1,volleylitics_whistle,serve
match7,match7_w27.wav,551.401,1,volleylitics_whistle,rally_end
match7,match7_w28.wav,566.873,1,volleylitics_whistle,other
match7,match7_w29.wav,577.641,1,volleylitics_whistle,serve
match7,match7_w30.wav,597.145,1,volleylitics_whistle,rally_end
match7,match7_w31.wav,610.062,1,volleylitics_whistle,serve
match7,match7_w32.wav,624.095,1,volleylitics_whistle,rally_end
match7,match7_w33.wav,638.32,1,volleylitics_whistle,serve
match7,match7_w34.wav,644.978,1,volleylitics_whistle,rally_end
match7,match7_w35.wav,654.755,1,volleylitics_whistle,serve
match7,match7_w36.wav,662.178,1,volleylitics_whistle,rally_end
match7,match7_w37.wav,675.072,1,volleylitics_whistle,serve
match7,match7_w38.wav,683.28,1,volleylitics_whistle,rally_end
match7,match7_w39.wav,692.053,1,volleylitics_whistle,serve
match7,match7_w40.wav,701.421,1,volleylitics_whistle,rally_end
match7,match7_w41.wav,711.393,1,volleylitics_whistle,serve
match7,match7_w42.wav,719.148,1,volleylitics_whistle,rally_end
match7,match7_w43.wav,732.686,1,volleylitics_whistle,serve
match7,match7_w44.wav,739.489,1,volleylitics_whistle,rally_end
match7,match7_w45.wav,750.072,1,volleylitics_whistle,serve
match7,match7_w46.wav,754.519,1,volleylitics_whistle,rally_end
match7,match7_w47.wav,761.873,1,volleylitics_whistle,other
match7,match7_w48.wav,796.604,1,volleylitics_whistle,other
match7,match7_w49.wav,812.557,1,volleylitics_whistle,serve
match7,match7_w50.wav,818.118,1,volleylitics_whistle,rally_end
match7,match7_w51.wav,831.812,1,volleylitics_whistle,serve
match7,match7_w52.wav,842.993,1,volleylitics_whistle,rally_end
match7,match7_w53.wav,852.367,1,volleylitics_whistle,serve
match7,match7_w54.wav,864.554,1,volleylitics_whistle,rally_end
match7,match7_w55.wav,874.409,1,volleylitics_whistle,serve
match7,match7_w56.wav,888.451,1,volleylitics_whistle,rally_end
match7,match7_w57.wav,901.327,1,volleylitics_whistle,serve
match7,match7_w58.wav,920.169,1,volleylitics_whistle,rally_end
match7,match7_w59.wav,937.625,1,volleylitics_whistle,serve
match8,match8_w0.wav,49.352,1,volleylitics_whistle,other
match8,match8_w1.wav,51.599,1,volleylitics_whistle,other
match8,match8_w2.wav,56.016,1,volleylitics_whistle,other
match8,match8_w3.wav,109.306,1,volleylitics_whistle,other
match8,match8_w4.wav,138.563,1,volleylitics_whistle,other
match8,match8_w5.wav,258.175,1,volleylitics_whistle,other
match8,match8_w6.wav,263.318,1,volleylitics_whistle,other
match8,match8_w7.wav,412.668,1,volleylitics_whistle,other
match8,match8_w8.wav,419.431,1,volleylitics_whistle,other
match8,match8_w9.wav,440.58,1,volleylitics_whistle,serve
match8,match8_w10.wav,447.312,1,volleylitics_whistle,rally_end
match8,match8_w11.wav,458.703,1,volleylitics_whistle,serve
match8,match8_w12.wav,466.905,1,volleylitics_whistle,rally_end
match8,match8_w13.wav,471.868,1,volleylitics_whistle,other
match8,match8_w14.wav,488.94,1,volleylitics_whistle,serve
match8,match8_w15.wav,496.359,1,volleylitics_whistle,rally_end
match8,match8_w16.wav,513.919,1,volleylitics_whistle,serve
match8,match8_w17.wav,524.088,1,volleylitics_whistle,rally_end
match8,match8_w18.wav,538.549,1,volleylitics_whistle,serve
match8,match8_w19.wav,554.995,1,volleylitics_whistle,rally_end
match8,match8_w20.wav,569.758,1,volleylitics_whistle,serve
match8,match8_w21.wav,578.482,1,volleylitics_whistle,rally_end
match8,match8_w22.wav,592.652,1,volleylitics_whistle,serve
match8,match8_w23.wav,601.0,1,volleylitics_whistle,rally_end
match8,match8_w24.wav,616.777,1,volleylitics_whistle,serve
match8,match8_w25.wav,623.593,1,volleylitics_whistle,rally_end
match8,match8_w27.wav,636.212,1,volleylitics_whistle,serve
match8,match8_w28.wav,647.805,1,volleylitics_whistle,rally_end
match8,match8_w29.wav,662.219,1,volleylitics_whistle,serve
match8,match8_w30.wav,671.397,1,volleylitics_whistle,rally_end
match8,match8_w31.wav,688.685,1,volleylitics_whistle,serve
match8,match8_w32.wav,701.406,1,volleylitics_whistle,rally_end
match8,match8_w33.wav,722.301,1,volleylitics_whistle,serve
match8,match8_w34.wav,753.067,1,volleylitics_whistle,rally_end
match8,match8_w35.wav,772.705,1,volleylitics_whistle,serve
match8,match8_w36.wav,781.778,1,volleylitics_whistle,rally_end
match8,match8_w37.wav,794.503,1,volleylitics_whistle,serve
match8,match8_w38.wav,803.96,1,volleylitics_whistle,rally_end
match8,match8_w39.wav,818.983,1,volleylitics_whistle,serve
match8,match8_w40.wav,826.849,1,volleylitics_whistle,rally_end
match8,match8_w41.wav,840.399,1,volleylitics_whistle,serve
match8,match8_w42.wav,855.758,1,volleylitics_whistle,rally_end
match8,match8_w43.wav,870.543,1,volleylitics_whistle,serve
match8,match8_w44.wav,879.837,1,volleylitics_whistle,rally_end
match8,match8_w45.wav,895.066,1,volleylitics_whistle,serve
match8,match8_w46.wav,908.832,1,volleylitics_whistle,rally_end
match8,match8_w47.wav,922.004,1,volleylitics_whistle,serve
match8,match8_w48.wav,926.881,1,volleylitics_whistle,rally_end
match8,match8_w49.wav,940.209,1,volleylitics_whistle,serve
match8,match8_w50.wav,945.799,1,volleylitics_whistle,rally_end
match8,match8_w51.wav,957.699,1,volleylitics_whistle,serve
match8,match8_w52.wav,962.605,1,volleylitics_whistle,rally_end
match8,match8_w53.wav,975.77,1,volleylitics_whistle,serve
match8,match8_w54.wav,981.708,1,volleylitics_whistle,rally_end
match8,match8_w55.wav,995.685,1,volleylitics_whistle,serve
match8,match8_w56.wav,1014.57,1,volleylitics_whistle,rally_end
match8,match8_w57.wav,1033.495,1,volleylitics_whistle,serve
match8,match8_w58.wav,1042.679,1,volleylitics_whistle,rally_end
match8,match8_w59.wav,1058.003,1,volleylitics_whistle,serve
match8,match8_w60.wav,1075.401,1,volleylitics_whistle,rally_end
match9,match9_w0.wav,79.247,1,volleylitics_whistle,other
match9,match9_w1.wav,144.976,1,volleylitics_whistle,other
match9,match9_w2.wav,253.188,1,volleylitics_whistle,other
match9,match9_w3.wav,321.109,1,volleylitics_whistle,serve
match9,match9_w4.wav,332.608,1,volleylitics_whistle,rally_end
match9,match9_w5.wav,343.032,1,volleylitics_whistle,serve
match9,match9_w6.wav,352.268,1,volleylitics_whistle,rally_end
match9,match9_w7.wav,366.778,1,volleylitics_whistle,serve
match9,match9_w8.wav,378.657,1,volleylitics_whistle,rally_end
match9,match9_w9.wav,399.265,1,volleylitics_whistle,serve
match9,match9_w10.wav,412.901,1,volleylitics_whistle,rally_end
match9,match9_w11.wav,423.268,1,volleylitics_whistle,serve
match9,match9_w12.wav,433.091,1,volleylitics_whistle,rally_end
match9,match9_w13.wav,443.278,1,volleylitics_whistle,serve
match9,match9_w14.wav,452.665,1,volleylitics_whistle,rally_end
match9,match9_w15.wav,465.697,1,volleylitics_whistle,serve
match9,match9_w16.wav,481.301,1,volleylitics_whistle,rally_end
match9,match9_w17.wav,494.763,1,volleylitics_whistle,serve
match9,match9_w18.wav,512.091,1,volleylitics_whistle,rally_end
match9,match9_w19.wav,525.072,1,volleylitics_whistle,serve
match9,match9_w20.wav,531.316,1,volleylitics_whistle,rally_end
match9,match9_w21.wav,542.009,1,volleylitics_whistle,serve
match9,match9_w22.wav,550.177,1,volleylitics_whistle,rally_end
match9,match9_w23.wav,559.965,1,volleylitics_whistle,serve
match9,match9_w24.wav,568.474,1,volleylitics_whistle,rally_end
match9,match9_w25.wav,578.779,1,volleylitics_whistle,serve
match9,match9_w26.wav,600.732,1,volleylitics_whistle,rally_end
match9,match9_w27.wav,614.171,1,volleylitics_whistle,serve
match9,match9_w28.wav,622.954,1,volleylitics_whistle,rally_end
match9,match9_w29.wav,625.845,1,volleylitics_whistle,other
match9,match9_w30.wav,660.89,1,volleylitics_whistle,other
match9,match9_w31.wav,681.035,1,volleylitics_whistle,serve
match9,match9_w32.wav,693.636,1,volleylitics_whistle,rally_end
match9,match9_w33.wav,704.56,1,volleylitics_whistle,serve
match9,match9_w34.wav,721.723,1,volleylitics_whistle,rally_end
match9,match9_w35.wav,732.442,1,volleylitics_whistle,serve
match9,match9_w36.wav,741.934,1,volleylitics_whistle,rally_end
match9,match9_w37.wav,751.761,1,volleylitics_whistle,serve
match9,match9_w38.wav,766.216,1,volleylitics_whistle,rally_end
match9,match9_w39.wav,775.573,1,volleylitics_whistle,serve
match9,match9_w40.wav,785.461,1,volleylitics_whistle,rally_end
match9,match9_w41.wav,796.906,1,volleylitics_whistle,serve
match9,match9_w42.wav,821.741,1,volleylitics_whistle,rally_end
match9,match9_w43.wav,829.884,1,volleylitics_whistle,serve
match9,match9_w44.wav,860.346,1,volleylitics_whistle,rally_end
match9,match9_w45.wav,872.65,1,volleylitics_whistle,serve
match9,match9_w46.wav,880.678,1,volleylitics_whistle,rally_end
match9,match9_w47.wav,891.83,1,volleylitics_whistle,serve
match9,match9_w48.wav,907.509,1,volleylitics_whistle,rally_end
match9,match9_w49.wav,920.779,1,volleylitics_whistle,serve
match9,match9_w50.wav,929.196,1,volleylitics_whistle,rally_end
match9,match9_w51.wav,938.433,1,volleylitics_whistle,serve
match9,match9_w52.wav,947.796,1,volleylitics_whistle,rally_end
match9,match9_w53.wav,953.507,1,volleylitics_whistle,other
match9,match9_w54.wav,968.926,1,volleylitics_whistle,serve
match9,match9_w55.wav,981.412,1,volleylitics_whistle,rally_end
match9,match9_w56.wav,993.092,1,volleylitics_whistle,serve
match9,match9_w57.wav,1008.33,1,volleylitics_whistle,rally_end
match9,match9_w58.wav,1021.606,1,volleylitics_whistle,serve
match9,match9_w59.wav,1029.996,1,volleylitics_whistle,rally_end
